{
    "camera_matrix": [
        [
            614.7456285952958,
            0.0,
            298.0075655432297
        ],
        [
            0.0,
            613.9474122174045,
            397.49297140143085
        ],
        [
            0.0,
            0.0,
            1.0
        ]
    ],
    "dist_coeffs": [
        [
            0.16091539096071927,
            -0.590990753192707,
            0.0013744710673846594,
            -0.0017230715009213928,
            0.1970019516421363
        ]
    ],
    "rvecs": [
        [
            [
                0.05464331910563621
            ],
            [
                0.10376546872282139
            ],
            [
                -1.5852686266347766
            ]
        ],
        [
            [
                0.4962355178135536
            ],
            [
                -0.22666819404788402
            ],
            [
                -1.50593854188158
            ]
        ],
        [
            [
                0.5373653670921038
            ],
            [
                -0.319431253855051
            ],
            [
                -1.5589915163137258
            ]
        ],
        [
            [
                1.0658751618440045
            ],
            [
                -0.09873399164606889
            ],
            [
                -1.7107535392110187
            ]
        ],
        [
            [
                0.4158095166306301
            ],
            [
                0.4646940440551773
            ],
            [
                -1.5224347374710394
            ]
        ],
        [
            [
                0.10821988577425569
            ],
            [
                0.10729189036858167
            ],
            [
                -0.795803653925194
            ]
        ],
        [
            [
                0.4999683591114969
            ],
            [
                0.06106856931070145
            ],
            [
                -0.7408007655143177
            ]
        ],
        [
            [
                0.09193006226184126
            ],
            [
                0.06687666934497515
            ],
            [
                -1.5414840453676337
            ]
        ],
        [
            [
                -0.2507571058935274
            ],
            [
                0.5655685737748969
            ],
            [
                -1.453325994186916
            ]
        ],
        [
            [
                0.2692280523991118
            ],
            [
                -0.3542906734801306
            ],
            [
                -1.1506254113813377
            ]
        ],
        [
            [
                -0.12468841926432903
            ],
            [
                -0.33846470488966046
            ],
            [
                -1.3038493528370565
            ]
        ],
        [
            [
                -0.4068141154541474
            ],
            [
                0.6008786097220246
            ],
            [
                -2.3538947511572132
            ]
        ],
        [
            [
                -0.2509686699699095
            ],
            [
                0.42693506896341366
            ],
            [
                -1.5404963880053502
            ]
        ],
        [
            [
                0.43447099452478644
            ],
            [
                -0.21178980769002093
            ],
            [
                -1.0474994139843876
            ]
        ],
        [
            [
                1.1308927157480855
            ],
            [
                -0.35170468331026344
            ],
            [
                -2.2196291615853645
            ]
        ],
        [
            [
                0.7024824415869635
            ],
            [
                -0.4547460211859694
            ],
            [
                -1.51091830190341
            ]
        ],
        [
            [
                -0.17737294328223505
            ],
            [
                0.8336278859478895
            ],
            [
                -1.2749137250306632
            ]
        ],
        [
            [
                0.7327031388701829
            ],
            [
                0.7253059396892202
            ],
            [
                -1.4420389249266699
            ]
        ],
        [
            [
                -0.4951994260700789
            ],
            [
                0.8710612971724542
            ],
            [
                -0.6680153464149817
            ]
        ],
        [
            [
                1.0699711570994908
            ],
            [
                -0.04007893494524449
            ],
            [
                -1.85980193735598
            ]
        ],
        [
            [
                -0.6418799787271907
            ],
            [
                0.7177359414393327
            ],
            [
                -1.4160473847649808
            ]
        ],
        [
            [
                0.09693949137134081
            ],
            [
                0.06263274528839745
            ],
            [
                -1.5695589202768259
            ]
        ],
        [
            [
                0.5216656286220156
            ],
            [
                0.47841788399901614
            ],
            [
                -1.4974746750836976
            ]
        ],
        [
            [
                0.7401375947260843
            ],
            [
                0.73348798666008
            ],
            [
                -1.4371838926024516
            ]
        ],
        [
            [
                -0.24399076780724446
            ],
            [
                -0.2543433236164675
            ],
            [
                -1.5583918975340645
            ]
        ],
        [
            [
                -0.5306977158993861
            ],
            [
                0.29526033654304906
            ],
            [
                -1.690451175650336
            ]
        ],
        [
            [
                0.9348831887818773
            ],
            [
                -0.028398708865099802
            ],
            [
                -1.8193490349989156
            ]
        ],
        [
            [
                0.6909340176237974
            ],
            [
                -0.44729380465037805
            ],
            [
                -1.517621324290379
            ]
        ],
        [
            [
                -0.17247235443263215
            ],
            [
                0.8351672905729312
            ],
            [
                -1.2746766398751421
            ]
        ],
        [
            [
                0.7482449255034895
            ],
            [
                0.7201214190263525
            ],
            [
                -1.4449403456411822
            ]
        ],
        [
            [
                -0.4781662843025777
            ],
            [
                0.8718372899212802
            ],
            [
                -0.6745412965545289
            ]
        ],
        [
            [
                1.0743353292953088
            ],
            [
                -0.03557222490151176
            ],
            [
                -1.862914289145831
            ]
        ]
    ],