{
    "camera_matrix": [
        [
            1347.539196092878,
            0.0,
            339.7514531189578
        ],
        [
            0.0,
            1320.1897059783441,
            445.2817511184973
        ],
        [
            0.0,
            0.0,
            1.0
        ]
    ],
    "dist_coeffs": [
        [
            5.575734625742391,
            -291.7715967969417,
            -0.0951327839390508,
            0.015634399723394303,
            4434.585306537361
        ]
    ],
    "rvecs": [
        [
            [
                -0.08312486680316511
            ],
            [
                -0.012536769337652439
            ],
            [
                -1.5847405547600568
            ]
        ],
        [
            [
                0.5635282261191279
            ],
            [
                -0.2678889248195967
            ],
            [
                -1.4959185098997647
            ]
        ],
        [
            [
                0.6122056123849077
            ],
            [
                -0.3828556348784703
            ],
            [
                -1.5451066204796366
            ]
        ],
        [
            [
                1.1091173206256195
            ],
            [
                -0.09186325073363516
            ],
            [
                -1.6976616884687914
            ]
        ],
        [
            [
                0.49611167051283994
            ],
            [
                0.4443020910825025
            ],
            [
                -1.5046334532912327
            ]
        ],
        [
            [
                -0.014422236931848015
            ],
            [
                0.05465531473557885
            ],
            [
                -0.790795728490177
            ]
        ],
        [
            [
                0.5686701904169307
            ],
            [
                0.027390408825872403
            ],
            [
                -0.7330366925949084
            ]
        ],
        [
            [
                0.3120613407421354
            ],
            [
                -0.07990241314366668
            ],
            [
                -1.5314639400568346
            ]
        ],
        [
            [
                -0.2655585439796324
            ],
            [
                0.6289190692240799
            ],
            [
                -1.4162169180513582
            ]
        ],
        [
            [
                0.36700125875051826
            ],
            [
                -0.41583202745090825
            ],
            [
                -1.1548834800148184
            ]
        ],
        [
            [
                0.01966480693732003
            ],
            [
                -0.39857619568472896
            ],
            [
                -1.3156666079962749
            ]
        ],
        [
            [
                -0.41848829590842607
            ],
            [
                0.637557642196865
            ],
            [
                -2.331014115169433
            ]
        ],
        [
            [
                -0.28968292418354125
            ],
            [
                0.4304070947019072
            ],
            [
                -1.5317918927519385
            ]
        ],
        [
            [
                0.5062862774006639
            ],
            [
                -0.2589434263264215
            ],
            [
                -1.0410905131905435
            ]
        ],
        [
            [
                1.1807915131857334
            ],
            [
                -0.372753726119138
            ],
            [
                -2.1917726899533316
            ]
        ],
        [
            [
                0.7639714959321225
            ],
            [
                -0.517483475956475
            ],
            [
                -1.4916786804709332
            ]
        ],
        [
            [
                -0.1774788601161927
            ],
            [
                0.9005869244209853
            ],
            [
                -1.2259777434293726
            ]
        ],
        [
            [
                0.7967467540379561
            ],
            [
                0.7109750611890556
            ],
            [
                -1.4197335992612659
            ]
        ],
        [
            [
                -0.4645221496930862
            ],
            [
                0.9272213440331052
            ],
            [
                -0.6095827650370602
            ]
        ],
        [
            [
                1.1520447385696975
            ],
            [
                -0.045843774578113505
            ],
            [
                -1.8308897054482096
            ]
        ],
        [
            [
                -0.6480557152374465
            ],
            [
                0.7730958352369903
            ],
            [
                -1.3666602410326527
            ]
        ],
        [
            [
                0.057603134393010694
            ],
            [
                -0.0752394972225331
            ],
            [
                -1.5669824648032846
            ]
        ],
        [
            [
                0.5745699264842056
            ],
            [
                0.474815114092216
            ],
            [
                -1.4858208270969901
            ]
        ],
        [
            [
                0.7803078083639562
            ],
            [
                0.7039041464094918
            ],
            [
                -1.419596564260726
            ]
        ],
        [
            [
                -0.409289648266946
            ],
            [
                0.10658652100019642
            ],
            [
                -1.5724582119490351
            ]
        ],
        [
            [
                -0.5626564292459182
            ],
            [
                0.3048892348878678
            ],
            [
                -1.6741837829038944
            ]
        ],
        [
            [
                1.002281930294147
            ],
            [
                -0.03246264878602657
            ],
            [
                -1.7938851914340053
            ]
        ],
        [
            [
                -0.03337707363263327
            ],
            [
                -1.5104611154042973
            ],
            [
                0.0364378943338743
            ]
        ],
        [
            [
                0.11292185730465602
            ],
            [
                1.4235312095013906
            ],
            [
                0.057527871847395454
            ]
        ],
        [
            [
                -0.11723464027958864
            ],
            [
                -1.4863710424944119
            ],
            [
                -0.01956212908619773
            ]
        ],
        [
            [
                -0.3051745762659801
            ],
            [
                1.4512239080261953
            ],
            [
                0.492224336606664
            ]
        ],
        [
            [
                -0.19173719456738691
            ],
            [
                -1.4821593848177288
            ],
            [
                -0.15437983403554037
            ]
        ]
    ],