{
    "camera_matrix": [
        [
            612.4897650034159,
            0.0,
            302.6620585343258
        ],
        [
            0.0,
            610.7798505631647,
            396.20992303578254
        ],
        [
            0.0,
            0.0,
            1.0
        ]
    ],
    "dist_coeffs": [
        [
            0.24119779339357458,
            -1.130123894523507,
            0.0018743968471342863,
            -0.000730689150083619,
            1.388904103775908
        ]
    ],
    "rvecs": [
        [
            [
                0.056287680384432916
            ],
            [
                0.10111436309328443
            ],
            [
                -1.5848570814656768
            ]
        ],
        [
            [
                0.5008590648148946
            ],
            [
                -0.23447791057369588
            ],
            [
                -1.5039124934594292
            ]
        ],
        [
            [
                -0.25005391971674584
            ],
            [
                0.42302551006070455
            ],
            [
                -1.5409442480178706
            ]
        ],
        [
            [
                -0.63745359029096
            ],
            [
                0.7127307144074957
            ],
            [
                -1.4184255021411618
            ]
        ],
        [
            [
                0.7071961525047293
            ],
            [
                -0.46267498721526623
            ],
            [
                -1.5080757287690796
            ]
        ],
        [
            [
                0.10050419599002437
            ],
            [
                0.060848584423278194
            ],
            [
                -1.5689095080087387
            ]
        ],
        [
            [
                0.5237203758892305
            ],
            [
                0.4691381887364655
            ],
            [
                -1.496045125456857
            ]
        ],
        [
            [
                0.74335248121102
            ],
            [
                0.7248445597349421
            ],
            [
                -1.4349335416333084
            ]
        ],
        [
            [
                -0.23624737417572803
            ],
            [
                -0.25873452719285467
            ],
            [
                -1.5590821993663508
            ]
        ],
        [
            [
                -0.5269548530192002
            ],
            [
                0.2919426146321603
            ],
            [
                -1.6921474100075689
            ]
        ]
    ],
    "tvecs": [
        [
            [
                -34.886995730866346
            ],
            [
                62.750740156308375
            ],
            [
                288.553938216102
            ]
        ],
        [
            [
                -24.342253269302887
            ],
            [
                61.53993366834616
            ],
            [
                285.09713291020387
            ]
        ],
        [
            [
                -60.904419868488986
            ],
            [
                60.64229448594979
            ],
            [
                311.4377909296662
            ]
        ],
        [
            [
                -61.16764639131218
            ],
            [
                87.36741169546167
            ],
            [
                346.4319037572165
            ]
        ],
        [
            [
                2.6740674962382873
            ],
            [
                53.70220104545077
            ],
            [
                323.3638538065967
            ]
        ],
        [
            [
                -37.68614218887637
            ],
            [
                80.12853882324079
            ],
            [
                190.17640580908036
            ]
        ],
        [
            [
                -47.45983544485253
            ],
            [
                39.4877134983769
            ],
            [
                285.6143618076666
            ]
        ],
        [
            [
                -38.680414764903574
            ],
            [
                17.104038681806987
            ],
            [
                335.0700169783226
            ]
        ],
        [
            [
                -46.177134949292864
            ],
            [
                140.61147147419302
            ],
            [
                321.96293233318903
            ]
        ],
        [
            [
                -55.100823111652325
            ],
            [
                74.46259216021829
            ],
            [
                458.7838833747114
            ]
        ]
    ]
}