{
    "camera_matrix": [
        [
            615.8999110528505,
            0.0,
            297.26835828184363
        ],
        [
            0.0,
            615.0403544602531,
            397.8965501027947
        ],
        [
            0.0,
            0.0,
            1.0
        ]
    ],
    "dist_coeffs": [
        [
            0.1793520657963743,
            -0.6541040074284907,
            0.0026065640862735153,
            -0.0024725693457646027,
            0.1888470602115491
        ]
    ],
    "rvecs": [
        [
            [
                0.05616130594324298
            ],
            [
                0.10638137414827785
            ],
            [
                -1.5852426504264046
            ]
        ],
        [
            [
                0.49659535377252284
            ],
            [
                -0.22507177972264356
            ],
            [
                -1.506289527336655
            ]
        ],
        [
            [
                0.9345290461335055
            ],
            [
                -0.02720051780789605
            ],
            [
                -1.8199129141409582
            ]
        ],
        [
            [
                0.5378992202326995
            ],
            [
                -0.3175925661373988
            ],
            [
                -1.5594070531625306
            ]
        ],
        [
            [
                -0.17666305089253778
            ],
            [
                0.8364489655153997
            ],
            [
                -1.2743645424439698
            ]
        ],
        [
            [
                1.0652375130337126
            ],
            [
                -0.09728747758262339
            ],
            [
                -1.7115215271113517
            ]
        ],
        [
            [
                0.4156935481276134
            ],
            [
                0.46606929358626553
            ],
            [
                -1.522627657251108
            ]
        ],
        [
            [
                0.10972860859838823
            ],
            [
                0.1084818994707608
            ],
            [
                -0.7959238956664664
            ]
        ],
        [
            [
                0.5014674644014752
            ],
            [
                0.06319423978787994
            ],
            [
                -0.7411458616352614
            ]
        ],
        [
            [
                0.0913559696301367
            ],
            [
                0.07102792633548564
            ],
            [
                -1.5414884784243637
            ]
        ],
        [
            [
                0.7324050629399756
            ],
            [
                0.7266574926881146
            ],
            [
                -1.4424202622383
            ]
        ],
        [
            [
                -0.24969339672112975
            ],
            [
                0.56823952530081
            ],
            [
                -1.4529270520901258
            ]
        ],
        [
            [
                -0.25152709295733316
            ],
            [
                0.4294827885495214
            ],
            [
                -1.540046354445556
            ]
        ],
        [
            [
                0.27019326235021895
            ],
            [
                -0.35195731835214245
            ],
            [
                -1.1510318089769171
            ]
        ],
        [
            [
                1.1300218307633514
            ],
            [
                -0.35059679846161146
            ],
            [
                -2.2202923741227223
            ]
        ],
        [
            [
                -0.12487356361454137
            ],
            [
                -0.3350947517427336
            ],
            [
                -1.3041702826797548
            ]
        ],
        [
            [
                -0.4938507775938296
            ],
            [
                0.8729159508414759
            ],
            [
                -0.6673793391120043
            ]
        ],
        [
            [
                1.0696134475499377
            ],
            [
                -0.03860830475038391
            ],
            [
                -1.8604621926455096
            ]
        ],
        [
            [
                -0.4079115666441551
            ],
            [
                0.6033545714172551
            ],
            [
                -2.3533071098946556
            ]
        ],
        [
            [
                0.43495227134656944
            ],
            [
                -0.21007303109265688
            ],
            [
                -1.0478738121000655
            ]
        ],
        [
            [
                -0.6415746904528089
            ],
            [
                0.7199998505479049
            ],
            [
                -1.415390541956971
            ]
        ],
        [
            [
                0.7026015308590773
            ],
            [
                -0.4536054569835844
            ],
            [
                -1.5113398293043305
            ]
        ],
        [
            [
                0.09867568622706491
            ],
            [
                0.06677055280795838
            ],
            [
                -1.5696354108637234
            ]
        ],
        [
            [
                0.521227585262183
            ],
            [
                0.47973608793577993
            ],
            [
                -1.4977340532937629
            ]
        ],
        [
            [
                0.7397210079552118
            ],
            [
                0.7345844213241102
            ],
            [
                -1.4375959346465095
            ]
        ],
        [
            [
                -0.2425272759919232
            ],
            [
                -0.25243284606059624
            ],
            [
                -1.5584862891544504
            ]
        ],
        [
            [
                -0.5310746157036906
            ],
            [
                0.29738739010158516
            ],
            [
                -1.689960504454027
            ]
        ]
    ],