{
    "camera_matrix": [
        [
            606.7496568978804,
            0.0,
            301.31876930524794
        ],
        [
            0.0,
            604.632079619806,
            390.29181198969695
        ],
        [
            0.0,
            0.0,
            1.0
        ]
    ],
    "dist_coeffs": [
        [
            0.25647615858751643,
            -1.014795927093266,
            -0.004488617239962698,
            -0.0024922438295152238,
            -0.5537728933279041
        ]
    ],
    "rvecs": [
        [
            [
                0.042935339919697425
            ],
            [
                0.09240895674198116
            ],
            [
                -1.5853807704978524
            ]
        ],
        [
            [
                0.48964768355105126
            ],
            [
                -0.24100613240127888
            ],
            [
                -1.5024533230729282
            ]
        ],
        [
            [
                -0.2616095075748465
            ],
            [
                0.4158794496696409
            ],
            [
                -1.5436533960789063
            ]
        ],
        [
            [
                -0.6478699394228461
            ],
            [
                0.7075708705708266
            ],
            [
                -1.4229928159306668
            ]
        ],
        [
            [
                0.6963527513159878
            ],
            [
                -0.46810085900996945
            ],
            [
                -1.5054743909691808
            ]
        ]
    ],
    "tvecs": [
        [
            [
                -34.2514142676954
            ],
            [
                65.58599777656147
            ],
            [
                285.27203683946874
            ]
        ],
        [
            [
                -23.69700920101776
            ],
            [
                64.32470863053229
            ],
            [
                281.8286955210311
            ]
        ],
        [
            [
                -60.20203228938005
            ],
            [
                63.749233197520596
            ],
            [
                308.282380129365
            ]
        ],
        [
            [
                -60.31620946700949
            ],
            [
                90.80515457290771
            ],
            [
                342.47966774239484
            ]
        ],
        [
            [
                3.3887559946940544
            ],
            [
                56.85629689455248
            ],
            [
                319.78945618203727
            ]
        ]
    ]
}